customer_id,customer_name,segment,country,city,state,region
NF-10326,Nancy Flores,Consumer,United States,Pearland (Updated),Texas,Central
KM-10606,Kimberly Martinez,Home Office,United States,Columbia (Updated),Missouri,Central
GG-12425,George Green,Consumer,United States,Denver (Updated),Colorado,West
DC-210273,Dorothy Carter,Corporate,United States,Springfield,Ohio,East
NJ-12833,Nancy Jackson,Corporate,United States,Hoover (Updated),Alabama,South
RG-12851,Richard Green,Consumer,United States,Springdale (Updated),Arkansas,South
BG-210181,Betty Gomez,Home Office,United States,Evanston,Illinois,Central
AG-210051,Andrew Gonzalez,Consumer,United States,Shelton,Connecticut,East
EE-13346,Elizabeth Edwards,Home Office,United States,Lehi (Updated),Utah,West
RT-210183,Rebecca Thompson,Consumer,United States,Lakeville,Minnesota,Central
DM-210056,Dorothy Mitchell,Corporate,United States,Rancho Cucamonga,California,West
SS-11556,Stephanie Scott,Corporate,United States,Decatur (Updated),Illinois,Central
MS-12107,Margaret Sanchez,Consumer,United States,Santa Clara (Updated),California,West
SP-13918,Susan Phillips,Consumer,United States,Ontario (Updated),California,West
AW-12110,Andrew Wright,Consumer,United States,Nashville (Updated),Tennessee,South
AR-210081,Amanda Roberts,Home Office,United States,San Angelo,Texas,Central
EA-210011,Emily Allen,Home Office,United States,Bozeman,Montana,West
PA-10519,Patricia Adams,Home Office,United States,Moreno Valley (Updated),California,West
JC-13369,James Collins,Corporate,United States,Florence (Updated),Alabama,South
SA-10217,Steven Adams,Home Office,United States,Lafayette (Updated),Indiana,Central
JT-10838,Joseph Turner,Home Office,United States,Morristown (Updated),New Jersey,East
JP-210010,Jessica Perez,Home Office,United States,Baltimore,Maryland,East
LM-13148,Laura Martinez,Home Office,United States,La Porte (Updated),Indiana,Central
DE-210083,Daniel Edwards,Consumer,United States,Aberdeen,South Dakota,Central
SG-11840,Stephanie Gonzalez,Home Office,United States,Grove City (Updated),Ohio,East
JN-10122,Jessica Nelson,Home Office,United States,Warwick (Updated),Rhode Island,East
JW-210058,Jeffrey Wilson,Corporate,United States,Farmington,New Mexico,West
MM-210152,Melissa Moore,Corporate,United States,Caldwell,Idaho,West
JR-210240,Jennifer Rivera,Corporate,United States,Revere,Massachusetts,East
LT-10121,Laura Thompson,Consumer,United States,Lansing (Updated),Michigan,Central
MT-12163,Margaret Taylor,Corporate,United States,Burlington (Updated),Vermont,East
TW-210151,Thomas Wright,Consumer,United States,Mcallen,Texas,Central
JH-210193,John Harris,Consumer,United States,Bridgeton,New Jersey,East
WD-12180,William Davis,Home Office,United States,Logan (Updated),Utah,West
JR-12588,Jessica Ramirez,Home Office,United States,Montebello (Updated),California,West
KH-11330,Kimberly Hall,Home Office,United States,Harlingen (Updated),Texas,Central
KA-13162,Kenneth Adams,Consumer,United States,Port Arthur (Updated),Texas,Central
JP-13837,Joshua Parker,Corporate,United States,Orange (Updated),New Jersey,East
BL-12094,Barbara Lewis,Consumer,United States,Santa Clara (Updated),California,West
DB-10837,Daniel Brown,Consumer,United States,Franklin (Updated),Massachusetts,East
MS-210162,Margaret Scott,Home Office,United States,Lakewood,New Jersey,East
LH-210170,Lisa Hernandez,Home Office,United States,Des Moines,Washington,West
JH-11641,Jennifer Hernandez,Corporate,United States,Sacramento (Updated),California,West
ST-210271,Sarah Torres,Home Office,United States,Newark,Delaware,East
DW-210106,Daniel White,Consumer,United States,Peoria,Arizona,West
DC-210282,David Campbell,Consumer,United States,Washington,District of Columbia,East
ES-14077,Edward Smith,Corporate,United States,Cottage Grove (Updated),Minnesota,Central
MR-210272,Mary Rivera,Corporate,United States,Roseville,Minnesota,Central
BT-210286,Betty Torres,Corporate,United States,Eau Claire,Wisconsin,Central
BJ-13240,Barbara Jones,Home Office,United States,Lancaster (Updated),Ohio,East
ER-210015,Edward Ramirez,Consumer,United States,Columbia,Missouri,Central
GG-14159,George Garcia,Home Office,United States,Torrance (Updated),California,West
KM-13617,Karen Moore,Home Office,United States,Stockton (Updated),California,West
SN-210140,Sandra Nelson,Home Office,United States,Santa Maria,California,West
DB-210072,Deborah Baker,Corporate,United States,Woonsocket,Rhode Island,East
JK-210196,Joseph King,Consumer,United States,Warwick,Rhode Island,East
RT-210177,Robert Taylor,Home Office,United States,Clifton,New Jersey,East
EC-10810,Emily Clark,Home Office,United States,Houston (Updated),Texas,Central
SL-210088,Sharon Lee,Home Office,United States,Deltona,Florida,South
MT-210255,Melissa Taylor,Corporate,United States,Summerville,South Carolina,South
BF-13676,Brian Flores,Consumer,United States,League City (Updated),Texas,Central
RM-13317,Richard Mitchell,Home Office,United States,Pearland (Updated),Texas,Central
SG-13441,Steven Gonzalez,Home Office,United States,Moorhead (Updated),Minnesota,Central
JA-210066,John Allen,Home Office,United States,San Angelo,Texas,Central
SM-14105,Susan Moore,Home Office,United States,Concord (Updated),New Hampshire,East
DS-210297,David Smith,Consumer,United States,Oxnard,California,West
JK-10230,James King,Corporate,United States,Murrieta (Updated),California,West
AB-10294,Anthony Brown,Corporate,United States,Oceanside (Updated),California,West
LS-11158,Lisa Smith,Corporate,United States,Edinburg (Updated),Texas,Central
KL-12708,Kevin Lewis,Consumer,United States,Louisville (Updated),Kentucky,South
KR-13355,Kimberly Rodriguez,Consumer,United States,Houston (Updated),Texas,Central
DM-12468,Donald Mitchell,Consumer,United States,Saint Cloud (Updated),Minnesota,Central
JM-12589,Jennifer Martin,Corporate,United States,Danville (Updated),California,West
MR-13424,Matthew Rodriguez,Home Office,United States,Cuyahoga Falls (Updated),Ohio,East
DH-12616,David Hill,Home Office,United States,Grand Island (Updated),Nebraska,Central
JK-210209,Joshua King,Consumer,United States,Hempstead,New York,East
BG-10975,Betty Green,Consumer,United States,Johnson City (Updated),Tennessee,South
JC-210127,Jennifer Clark,Consumer,United States,Dublin,Ohio,East
JY-210002,Joshua Young,Home Office,United States,Paterson,New Jersey,East
AA-10270,Amanda Anderson,Consumer,United States,Smyrna (Updated),Tennessee,South
JG-210227,Jason Garcia,Corporate,United States,Littleton,Colorado,West
MD-210012,Mark Davis,Corporate,United States,Alexandria,Virginia,South
MP-210117,Melissa Phillips,Corporate,United States,Norwich,Connecticut,East
CT-12498,Charles Taylor,Consumer,United States,Pleasant Grove (Updated),Utah,West
GC-12541,George Campbell,Home Office,United States,Elyria (Updated),Ohio,East
MA-210039,Michelle Allen,Corporate,United States,Mcallen,Texas,Central
SR-210184,Sarah Rodriguez,Consumer,United States,Overland Park,Kansas,Central
KS-10170,Kimberly Scott,Consumer,United States,Stockton (Updated),California,West
MG-12264,Mary Garcia,Home Office,United States,Montebello (Updated),California,West
MA-210159,Michael Anderson,Consumer,United States,Lawton,Oklahoma,Central
BW-11723,Barbara Wright,Home Office,United States,Sparks (Updated),Nevada,West
MG-10307,Matthew Gonzalez,Corporate,United States,Redding (Updated),California,West
RC-11512,Rebecca Clark,Corporate,United States,Chicago (Updated),Illinois,Central
SA-13834,Steven Anderson,Home Office,United States,Elmhurst (Updated),Illinois,Central
BM-10434,Barbara Moore,Home Office,United States,Bozeman (Updated),Montana,West
JP-11319,Jeffrey Phillips,Corporate,United States,Asheville (Updated),North Carolina,South
JW-210124,John Wright,Home Office,United States,Redondo Beach,California,West
KG-12803,Kenneth Green,Home Office,United States,Quincy (Updated),Illinois,Central
ST-12462,Sharon Thomas,Consumer,United States,Cranston (Updated),Rhode Island,East
LL-11845,Linda Lopez,Corporate,United States,Ormond Beach (Updated),Florida,South
MP-11629,Melissa Perez,Home Office,United States,Allen (Updated),Texas,Central
EM-11744,Emily Mitchell,Home Office,United States,Plantation (Updated),Florida,South
DM-11030,Deborah Miller,Corporate,United States,Laurel (Updated),Maryland,East
CH-12005,Charles Harris,Consumer,United States,Hagerstown (Updated),Maryland,East
SR-14179,Susan Robinson,Corporate,United States,El Paso (Updated),Texas,Central
NG-210060,Nancy Gonzalez,Corporate,United States,Bellevue,Washington,West
DS-10853,Daniel Scott,Corporate,United States,Columbus (Updated),Georgia,South
DN-10612,David Nguyen,Corporate,United States,Oswego (Updated),Illinois,Central
CT-210250,Charles Thomas,Home Office,United States,Troy,New York,East
CL-10869,Chris Lopez,Consumer,United States,Pearland (Updated),Texas,Central
BE-210216,Betty Evans,Home Office,United States,Superior,Wisconsin,Central
ER-10879,Elizabeth Rivera,Consumer,United States,Thornton (Updated),Colorado,West
SN-10739,Susan Nguyen,Home Office,United States,Pasadena (Updated),Texas,Central
JR-12012,James Rivera,Home Office,United States,Andover (Updated),Massachusetts,East
RT-210232,Richard Taylor,Corporate,United States,Kirkwood,Missouri,Central
BR-11481,Betty Roberts,Home Office,United States,Reno (Updated),Nevada,West
KD-210188,Kenneth Davis,Corporate,United States,Des Plaines,Illinois,Central
PT-210087,Paul Thompson,Corporate,United States,Tampa,Florida,South
JR-10029,Jeffrey Rivera,Corporate,United States,Moorhead (Updated),Minnesota,Central
BW-14191,Betty Walker,Home Office,United States,Glendale (Updated),Arizona,West
JS-210069,Jennifer Scott,Home Office,United States,Gastonia,North Carolina,South
CR-12562,Charles Robinson,Home Office,United States,Hollywood (Updated),Florida,South
LG-12025,Laura Gomez,Consumer,United States,Bloomington (Updated),Indiana,Central
CS-210237,Carol Scott,Home Office,United States,Apopka,Florida,South
NW-10182,Nancy Wright,Consumer,United States,Waterbury (Updated),Connecticut,East
SW-11812,Susan Wright,Home Office,United States,Hendersonville (Updated),Tennessee,South
GM-210201,George Moore,Home Office,United States,Allentown,Pennsylvania,East
JD-11024,Jeffrey Davis,Home Office,United States,Rochester (Updated),Minnesota,Central
DP-12479,Donald Parker,Home Office,United States,Springfield (Updated),Ohio,East
RC-10896,Rebecca Campbell,Home Office,United States,Mission Viejo (Updated),California,West
JP-13006,Jeffrey Perez,Home Office,United States,Anaheim (Updated),California,West
RA-10481,Robert Adams,Corporate,United States,Layton (Updated),Utah,West
KG-210293,Kenneth Garcia,Corporate,United States,Sioux Falls,South Dakota,Central
SM-10031,Sandra Martinez,Corporate,United States,Kent (Updated),Washington,West
JR-10498,Joshua Rivera,Home Office,United States,Arvada (Updated),Colorado,West
SR-11059,Steven Rodriguez,Home Office,United States,Bolingbrook (Updated),Illinois,Central
EF-12866,Edward Flores,Corporate,United States,La Porte (Updated),Texas,Central
EN-13712,Emily Nelson,Home Office,United States,Bossier City (Updated),Louisiana,South
KT-11677,Kenneth Thomas,Consumer,United States,Bartlett (Updated),Tennessee,South
SW-12703,Sharon Williams,Home Office,United States,Rock Hill (Updated),South Carolina,South
DF-10844,Deborah Flores,Corporate,United States,Springfield (Updated),Oregon,West
DS-12314,Dorothy Scott,Home Office,United States,Jacksonville (Updated),Florida,South
EH-11788,Edward Hill,Consumer,United States,Pine Bluff (Updated),Arkansas,South
EM-210294,Edward Miller,Corporate,United States,Waterloo,Iowa,Central
SM-13700,Susan Mitchell,Home Office,United States,Murfreesboro (Updated),Tennessee,South
RS-13755,Robert Smith,Consumer,United States,Waynesboro (Updated),Virginia,South
NR-14156,Nancy Robinson,Corporate,United States,Mansfield (Updated),Texas,Central
BH-13732,Barbara Harris,Corporate,United States,Hollywood (Updated),Florida,South
ME-12582,Michelle Evans,Consumer,United States,Woodstock (Updated),Illinois,Central
RG-210149,Richard Green,Corporate,United States,Hagerstown,Maryland,East
GR-210220,George Robinson,Corporate,United States,Tempe,Arizona,West
LL-11314,Laura Lewis,Corporate,United States,Skokie (Updated),Illinois,Central
DE-11972,Donald Edwards,Home Office,United States,Carlsbad (Updated),New Mexico,West
ML-13123,Margaret Lee,Corporate,United States,Hot Springs (Updated),Arkansas,South
DM-13448,David Martinez,Home Office,United States,Danville (Updated),California,West
JL-11949,Jennifer Lewis,Home Office,United States,Buffalo Grove (Updated),Illinois,Central
JB-10687,Jessica Brown,Home Office,United States,Glenview (Updated),Illinois,Central
DW-210130,Donald Walker,Consumer,United States,Watertown,New York,East
AM-210187,Amanda Moore,Consumer,United States,Salt Lake City,Utah,West
NJ-210074,Nancy Jones,Home Office,United States,Alexandria,Virginia,South
LM-13748,Linda Mitchell,Consumer,United States,San Luis Obispo (Updated),California,West
WA-210134,William Anderson,Consumer,United States,Kenner,Louisiana,South
ME-12770,Mary Edwards,Corporate,United States,Port Arthur (Updated),Texas,Central
BR-10982,Brian Rodriguez,Corporate,United States,Gaithersburg (Updated),Maryland,East
AG-11081,Amanda Green,Corporate,United States,Arvada (Updated),Colorado,West
RE-11080,Richard Evans,Home Office,United States,Visalia (Updated),California,West
JR-210166,Joshua Roberts,Home Office,United States,Burlington,North Carolina,South
DW-10909,Dorothy Wilson,Home Office,United States,Jonesboro (Updated),Arkansas,South
KR-10329,Kenneth Rivera,Corporate,United States,Roseville (Updated),Michigan,Central
PG-210145,Patricia Gomez,Consumer,United States,Rockford,Illinois,Central
CR-12015,Chris Rivera,Home Office,United States,Hempstead (Updated),New York,East
WH-11123,William Hernandez,Consumer,United States,Hollywood (Updated),Florida,South
JT-210208,Joshua Turner,Corporate,United States,San Marcos,Texas,Central
JF-13670,Jeffrey Flores,Home Office,United States,Revere (Updated),Massachusetts,East
CF-10886,Carol Flores,Consumer,United States,Pasadena (Updated),California,West
JR-11671,James Roberts,Corporate,United States,Lakewood (Updated),California,West
KF-10158,Kenneth Flores,Home Office,United States,Bangor (Updated),Maine,East
SJ-10756,Susan Jones,Corporate,United States,Peoria (Updated),Illinois,Central
RR-13055,Rebecca Ramirez,Corporate,United States,Newark (Updated),Delaware,East
BT-10891,Brian Torres,Consumer,United States,Fresno (Updated),California,West
CT-11037,Chris Thomas,Corporate,United States,Port Saint Lucie (Updated),Florida,South
JP-210102,Jennifer Phillips,Corporate,United States,Lake Forest,California,West
ET-210164,Elizabeth Turner,Consumer,United States,Greenville,North Carolina,South
LE-12525,Linda Edwards,Home Office,United States,Rogers (Updated),Arkansas,South
CE-11159,Charles Evans,Home Office,United States,Tuscaloosa (Updated),Alabama,South
BJ-210239,Brian Jones,Consumer,United States,Brownsville,Texas,Central
CJ-210121,Chris Johnson,Corporate,United States,Memphis,Tennessee,South
DW-14118,Dorothy Walker,Home Office,United States,Mishawaka (Updated),Indiana,Central
BB-10253,Barbara Brown,Consumer,United States,Newark (Updated),Delaware,East
LW-13311,Laura White,Corporate,United States,Daytona Beach (Updated),Florida,South
SH-13673,Susan Hernandez,Home Office,United States,Encinitas (Updated),California,West
LY-13164,Linda Young,Corporate,United States,Chico (Updated),California,West
LR-12910,Lisa Rodriguez,Corporate,United States,Hagerstown (Updated),Maryland,East
DR-210128,Donald Robinson,Home Office,United States,Plantation,Florida,South
RA-11885,Ronald Allen,Consumer,United States,Evanston (Updated),Illinois,Central
DN-13717,Daniel Nelson,Corporate,United States,Henderson (Updated),Kentucky,South
BH-11071,Brian Hill,Corporate,United States,Bloomington (Updated),Illinois,Central
AB-13128,Ashley Baker,Corporate,United States,Sandy Springs (Updated),Georgia,South
BC-11195,Betty Cruz,Corporate,United States,Lincoln Park (Updated),Michigan,Central
KR-210035,Kevin Rivera,Corporate,United States,Everett,Massachusetts,East
SL-210016,Sharon Lewis,Home Office,United States,Clarksville,Tennessee,South
SR-10153,Susan Ramirez,Corporate,United States,Arlington Heights (Updated),Illinois,Central
MG-11526,Mary Gonzalez,Corporate,United States,Hendersonville (Updated),Tennessee,South
SA-210082,Sandra Adams,Home Office,United States,Oakland,California,West
KL-210190,Kevin Lewis,Consumer,United States,Broomfield,Colorado,West
PH-210086,Paul Hill,Consumer,United States,Wilmington,Delaware,East
DB-10637,Daniel Brown,Consumer,United States,Carlsbad (Updated),New Mexico,West
MA-12760,Michelle Allen,Corporate,United States,Ormond Beach (Updated),Florida,South
DR-12615,Donald Rodriguez,Home Office,United States,Lorain (Updated),Ohio,East
KT-11916,Kimberly Torres,Home Office,United States,Jamestown (Updated),New York,East
CR-210223,Chris Robinson,Consumer,United States,Carrollton,Texas,Central
MH-210043,Matthew Hall,Consumer,United States,Waco,Texas,Central
ML-11610,Michael Lee,Consumer,United States,Haltom City (Updated),Texas,Central
CB-210268,Carol Brown,Corporate,United States,Albuquerque,New Mexico,West
SW-210168,Stephanie Wright,Home Office,United States,Wheeling,Illinois,Central
AA-11098,Andrew Allen,Home Office,United States,College Station (Updated),Texas,Central
ER-210112,Elizabeth Rodriguez,Consumer,United States,Avondale,Arizona,West
LS-10452,Linda Smith,Corporate,United States,Santa Barbara (Updated),California,West
MB-12000,Michael Baker,Consumer,United States,Orange (Updated),New Jersey,East
SR-10668,Steven Roberts,Corporate,United States,Marietta (Updated),Georgia,South
AD-12160,Amanda Diaz,Consumer,United States,Pasco (Updated),Washington,West
SN-210155,Sandra Nelson,Home Office,United States,Tucson,Arizona,West
JG-210259,Jessica Gomez,Home Office,United States,Montebello,California,West
SS-10557,Steven Sanchez,Home Office,United States,Normal (Updated),Illinois,Central
ME-210034,Mary Evans,Consumer,United States,Clinton,Maryland,East
CM-210225,Chris Mitchell,Corporate,United States,Visalia,California,West
JH-210024,Jason Hernandez,Corporate,United States,Mount Vernon,New York,East
EW-210186,Elizabeth Wilson,Consumer,United States,Freeport,Illinois,Central
PM-10730,Paul Martinez,Home Office,United States,Lancaster (Updated),California,West
JW-12212,John White,Home Office,United States,Lancaster (Updated),Ohio,East
JT-210276,Joseph Torres,Corporate,United States,Redding,California,West
DY-210205,Donna Young,Home Office,United States,Fresno,California,West
KA-13056,Karen Allen,Consumer,United States,Commerce City (Updated),Colorado,West
KA-10362,Kimberly Allen,Home Office,United States,Fayetteville (Updated),North Carolina,South
MH-210287,Matthew Hall,Consumer,United States,Pasco,Washington,West
CN-210131,Chris Nelson,Corporate,United States,El Cajon,California,West
MG-210218,Mary Green,Consumer,United States,Huntsville,Alabama,South
MW-12124,Mary Williams,Home Office,United States,Sioux Falls (Updated),South Dakota,Central
MT-13068,Mark Torres,Home Office,United States,Reno (Updated),Nevada,West
LD-11358,Linda Diaz,Home Office,United States,Apple Valley (Updated),California,West
DR-14032,Deborah Roberts,Corporate,United States,Davis (Updated),California,West
AC-210141,Andrew Cruz,Consumer,United States,Tigard,Oregon,West
MW-210150,Mark Wilson,Home Office,United States,San Gabriel,California,West
DS-210147,David Sanchez,Consumer,United States,Saint Louis,Missouri,Central
JM-11859,Joseph Mitchell,Corporate,United States,Clinton (Updated),Maryland,East
MD-210243,Michael Diaz,Home Office,United States,Missoula,Montana,West
ED-210110,Elizabeth Diaz,Consumer,United States,Coppell,Texas,Central
SR-210033,Stephanie Rodriguez,Corporate,United States,Mentor,Ohio,East
MC-210199,Margaret Clark,Home Office,United States,Hamilton,Ohio,East
EP-12229,Elizabeth Parker,Corporate,United States,Roswell (Updated),Georgia,South
DH-12780,Dorothy Hill,Corporate,United States,La Porte (Updated),Indiana,Central
DR-11514,David Rodriguez,Home Office,United States,Cheyenne (Updated),Wyoming,West
LA-10189,Laura Anderson,Corporate,United States,Roseville (Updated),Michigan,Central
MM-210090,Margaret Moore,Consumer,United States,Freeport,New York,East
GC-210004,George Cruz,Home Office,United States,Cranston,Rhode Island,East
KF-10105,Karen Flores,Home Office,United States,Oxnard (Updated),California,West
WK-13733,William King,Consumer,United States,Boise (Updated),Idaho,West
SN-210274,Susan Nelson,Corporate,United States,Fargo,North Dakota,Central
SP-210202,Steven Perez,Home Office,United States,West Allis,Wisconsin,Central
SF-12886,Steven Flores,Consumer,United States,Southaven (Updated),Mississippi,South
AM-210022,Amanda Martinez,Consumer,United States,Quincy,Massachusetts,East
LT-10514,Laura Turner,Home Office,United States,Olympia (Updated),Washington,West
CH-11313,Carol Hernandez,Consumer,United States,Huntsville (Updated),Alabama,South
JW-12506,Jessica Walker,Consumer,United States,Jamestown (Updated),New York,East
EN-210143,Elizabeth Nguyen,Home Office,United States,Charlotte,North Carolina,South
PH-210113,Patricia Hill,Home Office,United States,La Porte,Indiana,Central
CF-13915,Charles Flores,Corporate,United States,Minneapolis (Updated),Minnesota,Central
SC-210105,Stephanie Clark,Consumer,United States,Grand Rapids,Michigan,Central
JH-210169,Joseph Hall,Consumer,United States,Glenview,Illinois,Central
JK-12477,Jessica King,Consumer,United States,Montgomery (Updated),Alabama,South
JM-210204,James Miller,Consumer,United States,Kirkwood,Missouri,Central
GK-210125,George King,Consumer,United States,Edmonds,Washington,West
KH-11276,Karen Hernandez,Corporate,United States,Medina (Updated),Ohio,East
KM-210189,Kimberly Miller,Consumer,United States,Marietta,Georgia,South
NC-13828,Nancy Carter,Corporate,United States,Franklin (Updated),Tennessee,South
RE-12937,Robert Evans,Corporate,United States,San Mateo (Updated),California,West
CC-210101,Chris Clark,Consumer,United States,Murrieta,California,West
MD-210107,Margaret Diaz,Consumer,United States,Paterson,New Jersey,East
MW-210217,Mary Wilson,Consumer,United States,Greeley,Colorado,West
JM-210061,Joshua Mitchell,Consumer,United States,Gilbert,Arizona,West
JP-210156,Jason Perez,Corporate,United States,Lebanon,Tennessee,South
CN-12289,Carol Nelson,Home Office,United States,Spokane (Updated),Washington,West
EM-210246,Emily Martinez,Consumer,United States,Greensboro,North Carolina,South
TR-12316,Timothy Rodriguez,Home Office,United States,Westland (Updated),Michigan,Central
TW-10776,Thomas Wilson,Corporate,United States,Little Rock (Updated),Arkansas,South
DT-210029,Daniel Turner,Corporate,United States,Moorhead,Minnesota,Central
AM-12704,Andrew Martin,Consumer,United States,San Marcos (Updated),Texas,Central
JW-11318,Jason Walker,Corporate,United States,Manhattan (Updated),Kansas,Central
LW-11197,Laura White,Home Office,United States,New York City (Updated),New York,East
RR-10523,Rebecca Ramirez,Home Office,United States,Austin (Updated),Texas,Central
MC-10282,Mary Carter,Corporate,United States,Plano (Updated),Texas,Central
AW-210017,Amanda Wright,Consumer,United States,Toledo,Ohio,East
LG-11673,Lisa Gonzalez,Consumer,United States,Carol Stream (Updated),Illinois,Central
SG-210089,Susan Gonzalez,Consumer,United States,Lubbock,Texas,Central
JJ-12611,Jeffrey Jackson,Home Office,United States,Gresham (Updated),Oregon,West
MM-210109,Mary Moore,Consumer,United States,Quincy,Massachusetts,East
LC-10641,Lisa Carter,Consumer,United States,Temecula (Updated),California,West
KW-210178,Karen Wilson,Consumer,United States,Detroit,Michigan,Central
DW-210042,Donna Walker,Home Office,United States,Franklin,Wisconsin,Central
MK-13574,Mary King,Corporate,United States,Cheyenne (Updated),Wyoming,West
DS-10483,Donna Scott,Consumer,United States,Phoenix (Updated),Arizona,West
LR-13258,Lisa Ramirez,Consumer,United States,Alexandria (Updated),Virginia,South
MB-13137,Melissa Brown,Home Office,United States,Columbia (Updated),Maryland,East
JA-210079,James Anderson,Corporate,United States,Saint Louis,Missouri,Central
NR-12559,Nancy Robinson,Consumer,United States,Florence (Updated),Alabama,South
JT-13183,James Thomas,Corporate,United States,Paterson (Updated),New Jersey,East
TR-11356,Timothy Rivera,Home Office,United States,Santa Fe (Updated),New Mexico,West
JR-13984,Jeffrey Ramirez,Consumer,United States,Oak Park (Updated),Michigan,Central
RR-13353,Robert Ramirez,Home Office,United States,Thomasville (Updated),North Carolina,South
AM-210021,Amanda Martin,Home Office,United States,Lansing,Michigan,Central
JE-12879,Joseph Edwards,Home Office,United States,Clinton (Updated),Maryland,East
TB-210221,Timothy Baker,Corporate,United States,Thousand Oaks,California,West
MR-10075,Mark Rodriguez,Corporate,United States,Altoona (Updated),Pennsylvania,East
SB-13487,Susan Brown,Corporate,United States,Cuyahoga Falls (Updated),Ohio,East
TM-12416,Timothy Martin,Home Office,United States,Holland (Updated),Michigan,Central
SS-12272,Sharon Scott,Home Office,United States,Long Beach (Updated),California,West
DY-10085,Dorothy Young,Corporate,United States,Cary (Updated),North Carolina,South
SH-210044,Sarah Hill,Corporate,United States,Lodi,California,West
AE-11250,Amanda Edwards,Corporate,United States,Bangor (Updated),Maine,East
SM-210094,Sharon Mitchell,Corporate,United States,Homestead,Florida,South
DP-11632,Daniel Parker,Consumer,United States,Brownsville (Updated),Texas,Central
SW-210008,Steven Walker,Corporate,United States,Caldwell,Idaho,West
JW-11529,Joshua Williams,Corporate,United States,Delray Beach (Updated),Florida,South
SE-210262,Stephanie Evans,Home Office,United States,Pueblo,Colorado,West
MR-210129,Mark Rodriguez,Corporate,United States,Henderson,Kentucky,South
BT-12730,Barbara Taylor,Corporate,United States,Murfreesboro (Updated),Tennessee,South
EC-210031,Edward Clark,Corporate,United States,Fort Worth,Texas,Central
DT-13464,Donald Taylor,Corporate,United States,Boise (Updated),Idaho,West
RH-210093,Rebecca Harris,Corporate,United States,Memphis,Tennessee,South
PW-12927,Patricia White,Corporate,United States,Redwood City (Updated),California,West
CS-11864,Chris Sanchez,Corporate,United States,Romeoville (Updated),Illinois,Central
PM-10951,Patricia Moore,Corporate,United States,Atlanta (Updated),Georgia,South
RN-210005,Richard Nguyen,Consumer,United States,Mentor,Ohio,East
AP-210215,Andrew Parker,Consumer,United States,Hendersonville,Tennessee,South
BH-10267,Brian Hill,Home Office,United States,Avondale (Updated),Arizona,West
LM-11964,Linda Moore,Home Office,United States,Louisville (Updated),Kentucky,South
AE-210115,Anthony Evans,Corporate,United States,Hialeah,Florida,South
DT-210251,Donald Turner,Corporate,United States,Wichita,Kansas,Central
JA-12262,Joshua Adams,Corporate,United States,Washington (Updated),District of Columbia,East
LM-13417,Linda Martinez,Consumer,United States,Denver (Updated),Colorado,West
ML-11145,Mary Lee,Home Office,United States,El Paso (Updated),Texas,Central
BR-13578,Brian Rodriguez,Home Office,United States,Skokie (Updated),Illinois,Central
DS-210242,Daniel Sanchez,Corporate,United States,Springfield,Ohio,East
BH-13167,Barbara Harris,Corporate,United States,Chandler (Updated),Arizona,West
WM-210260,William Miller,Home Office,United States,Lake Forest,California,West
KA-12263,Kimberly Anderson,Corporate,United States,Auburn (Updated),Washington,West
SP-13660,Steven Perez,Consumer,United States,Monroe (Updated),Louisiana,South
DH-210076,Deborah Hall,Consumer,United States,Superior,Wisconsin,Central
AS-210182,Anthony Sanchez,Consumer,United States,Olympia,Washington,West
EC-10356,Edward Campbell,Corporate,United States,Laredo (Updated),Texas,Central
DE-210226,Deborah Evans,Corporate,United States,Florence,Kentucky,South
MW-13872,Mark Williams,Corporate,United States,Florence (Updated),Alabama,South
DS-13252,Daniel Smith,Home Office,United States,Peoria (Updated),Illinois,Central
EB-11143,Edward Baker,Corporate,United States,Macon (Updated),Georgia,South
JM-210222,Jessica Moore,Consumer,United States,Citrus Heights,California,West
JT-11862,Jeffrey Thomas,Home Office,United States,Edinburg (Updated),Texas,Central
RG-10200,Rebecca Garcia,Corporate,United States,Avondale (Updated),Arizona,West
RG-12481,Richard Garcia,Consumer,United States,Lawrence (Updated),Indiana,Central
GP-12043,George Perez,Home Office,United States,Manhattan (Updated),Kansas,Central
MT-210078,Michelle Turner,Consumer,United States,Gresham,Oregon,West
RW-13555,Richard Wright,Consumer,United States,Thomasville (Updated),North Carolina,South
EC-10301,Emily Clark,Corporate,United States,Columbus (Updated),Georgia,South
KM-210139,Kevin Martin,Home Office,United States,Huntsville,Alabama,South
RA-210292,Richard Anderson,Home Office,United States,Passaic,New Jersey,East
TC-10495,Thomas Campbell,Home Office,United States,Cleveland (Updated),Ohio,East
LA-210062,Linda Adams,Corporate,United States,Hickory,North Carolina,South
JL-12944,Jessica Lopez,Consumer,United States,Superior (Updated),Wisconsin,Central
DC-11914,Donald Campbell,Home Office,United States,Spokane (Updated),Washington,West
DW-14088,Dorothy White,Corporate,United States,Lebanon (Updated),Tennessee,South
JJ-11765,Joshua Johnson,Home Office,United States,Redwood City (Updated),California,West
JK-13703,Jeffrey King,Home Office,United States,Salinas (Updated),California,West
JC-11459,Jason Carter,Home Office,United States,Modesto (Updated),California,West
LT-10873,Linda Torres,Corporate,United States,Yonkers (Updated),New York,East
MW-210228,Michelle Wright,Corporate,United States,Pueblo,Colorado,West
MA-210284,Mary Adams,Home Office,United States,Rogers,Arkansas,South
BS-12502,Brian Sanchez,Consumer,United States,Reno (Updated),Nevada,West
MD-210235,Mary Davis,Home Office,United States,Virginia Beach,Virginia,South
BG-210108,Brian Garcia,Corporate,United States,Gresham,Oregon,West
PB-210296,Patricia Baker,Consumer,United States,Bakersfield,California,West
MH-13699,Melissa Hall,Corporate,United States,Woonsocket (Updated),Rhode Island,East
MR-10986,Matthew Roberts,Corporate,United States,Springfield (Updated),Ohio,East
LP-210285,Linda Perez,Consumer,United States,Murfreesboro,Tennessee,South
RS-11696,Rebecca Smith,Corporate,United States,Huntsville (Updated),Texas,Central
WC-210176,William Campbell,Consumer,United States,Paterson,New Jersey,East
TE-11848,Timothy Edwards,Home Office,United States,Greensboro (Updated),North Carolina,South
ET-10965,Emily Torres,Consumer,United States,Montgomery (Updated),Alabama,South
JT-12610,Jason Turner,Home Office,United States,Lewiston (Updated),Maine,East
DL-210278,Donna Lee,Home Office,United States,Madison,Wisconsin,Central
MG-10840,Mary Green,Home Office,United States,Fayetteville (Updated),North Carolina,South
DM-10380,Donna Mitchell,Consumer,United States,Cary (Updated),North Carolina,South
BT-210077,Betty Torres,Consumer,United States,Missoula,Montana,West
LW-210175,Laura Walker,Corporate,United States,Lewiston,Maine,East
JG-11476,Joshua Garcia,Corporate,United States,Raleigh (Updated),North Carolina,South
RC-13309,Richard Clark,Corporate,United States,Garden City (Updated),Kansas,Central
LM-12850,Linda Martinez,Home Office,United States,Port Orange (Updated),Florida,South
ST-12137,Stephanie Turner,Consumer,United States,Overland Park (Updated),Kansas,Central
EE-13501,Elizabeth Edwards,Corporate,United States,Hampton (Updated),Virginia,South
CP-11262,Chris Parker,Home Office,United States,Garland (Updated),Texas,Central
KN-11126,Kevin Nguyen,Home Office,United States,Salinas (Updated),California,West
JA-11789,Jennifer Anderson,Home Office,United States,Superior (Updated),Wisconsin,Central
SN-12020,Sharon Nelson,Home Office,United States,Parker (Updated),Colorado,West
MC-11518,Mary Cruz,Home Office,United States,Bowling Green (Updated),Kentucky,South
EH-210234,Edward Hernandez,Corporate,United States,Omaha,Nebraska,Central
AG-210244,Andrew Garcia,Consumer,United States,Quincy,Massachusetts,East
SD-11781,Sharon Davis,Corporate,United States,Providence (Updated),Rhode Island,East
RT-10204,Richard Turner,Consumer,United States,New York City (Updated),New York,East
JM-13491,Jennifer Martin,Consumer,United States,Fargo (Updated),North Dakota,Central
NE-210153,Nancy Edwards,Corporate,United States,Torrance,California,West
RR-210084,Richard Roberts,Consumer,United States,Arlington,Texas,Central
JJ-12483,Joseph Johnson,Consumer,United States,Gilbert (Updated),Arizona,West
LW-11510,Linda Walker,Home Office,United States,Lehi (Updated),Utah,West
RK-210281,Robert King,Home Office,United States,North Miami,Florida,South
KR-210030,Karen Ramirez,Corporate,United States,Danbury,Connecticut,East
ET-13780,Elizabeth Thompson,Consumer,United States,Danbury (Updated),Connecticut,East
RR-210023,Richard Roberts,Consumer,United States,Woodland,California,West
CR-210142,Chris Ramirez,Home Office,United States,Pompano Beach,Florida,South
SL-210073,Sandra Lewis,Home Office,United States,Burlington,North Carolina,South
SM-210135,Stephanie Martinez,Home Office,United States,Macon,Georgia,South
RA-11857,Richard Anderson,Home Office,United States,Saint Paul (Updated),Minnesota,Central
JC-12030,Jason Campbell,Corporate,United States,Smyrna (Updated),Georgia,South
CG-12198,Carol Garcia,Consumer,United States,Eagan (Updated),Minnesota,Central
MS-11231,Michael Smith,Corporate,United States,Conway (Updated),Arkansas,South
MJ-11821,Mary Jackson,Corporate,United States,Sterling Heights (Updated),Michigan,Central
RW-12220,Robert White,Home Office,United States,Malden (Updated),Massachusetts,East
DN-11332,Daniel Nelson,Corporate,United States,Mount Pleasant (Updated),South Carolina,South
SY-210007,Sarah Young,Corporate,United States,New Brunswick,New Jersey,East
PM-210191,Paul Mitchell,Consumer,United States,Margate,Florida,South
JK-12905,Joseph King,Consumer,United States,La Porte (Updated),Texas,Central
AP-10689,Anthony Perez,Corporate,United States,Yuma (Updated),Arizona,West
LJ-210065,Lisa Johnson,Corporate,United States,San Marcos,Texas,Central
AR-13538,Andrew Ramirez,Corporate,United States,Irving (Updated),Texas,Central
DW-11446,David Wright,Corporate,United States,Gulfport (Updated),Mississippi,South
JM-12333,Jennifer Martinez,Consumer,United States,Auburn (Updated),Washington,West
PR-10454,Paul Rivera,Consumer,United States,Deltona (Updated),Florida,South
DH-12898,Dorothy Hill,Corporate,United States,Grove City (Updated),Ohio,East
MY-10444,Margaret Young,Consumer,United States,Boise (Updated),Idaho,West
MH-11525,Matthew Harris,Corporate,United States,Green Bay (Updated),Wisconsin,Central
DM-10722,Donald Martinez,Consumer,United States,Margate (Updated),Florida,South
ST-12415,Susan Thompson,Corporate,United States,Cincinnati (Updated),Ohio,East
KR-210194,Kenneth Robinson,Home Office,United States,Texarkana,Arkansas,South
BL-12244,Barbara Lopez,Home Office,United States,Chester (Updated),Pennsylvania,East
DC-210195,David Cruz,Corporate,United States,Waco,Texas,Central
RE-13533,Rebecca Edwards,Corporate,United States,Lawrence (Updated),Indiana,Central
MC-11687,Mark Campbell,Corporate,United States,San Francisco (Updated),California,West
CR-11933,Carol Rodriguez,Home Office,United States,Georgetown (Updated),Kentucky,South
AY-12422,Andrew Young,Corporate,United States,Harrisonburg (Updated),Virginia,South
BR-13958,Brian Rodriguez,Corporate,United States,Toledo (Updated),Ohio,East
MW-13482,Melissa Walker,Home Office,United States,Columbus (Updated),Indiana,Central
JR-210283,Joshua Roberts,Consumer,United States,Columbia,Maryland,East
AW-210148,Andrew Walker,Corporate,United States,Chandler,Arizona,West
CE-14100,Charles Evans,Consumer,United States,Texarkana (Updated),Arkansas,South
JH-12267,Joshua Hill,Home Office,United States,Conway (Updated),Arkansas,South
BG-13583,Barbara Gonzalez,Consumer,United States,Raleigh (Updated),North Carolina,South
MA-11822,Matthew Allen,Consumer,United States,Pembroke Pines (Updated),Florida,South
EM-210028,Elizabeth Martin,Home Office,United States,Littleton,Colorado,West
EC-14098,Emily Cruz,Corporate,United States,Cedar Rapids (Updated),Iowa,Central
MJ-14084,Margaret Jackson,Corporate,United States,Indianapolis (Updated),Indiana,Central
DM-10393,Deborah Martinez,Consumer,United States,Fort Lauderdale (Updated),Florida,South
AH-210014,Ashley Hernandez,Consumer,United States,Columbia,Maryland,East
MS-13121,Melissa Smith,Corporate,United States,Lakewood (Updated),Ohio,East
JE-11345,James Evans,Consumer,United States,Austin (Updated),Texas,Central
LB-12138,Linda Baker,Corporate,United States,Pine Bluff (Updated),Arkansas,South
MJ-210040,Michael Jones,Consumer,United States,Vineland,New Jersey,East
CW-210257,Chris Wright,Consumer,United States,La Quinta,California,West
PL-210095,Patricia Lewis,Corporate,United States,Wichita,Kansas,Central
PJ-10933,Paul Jackson,Home Office,United States,Omaha (Updated),Nebraska,Central
AL-11322,Amanda Lewis,Corporate,United States,Norwich (Updated),Connecticut,East
RM-10069,Richard Miller,Corporate,United States,Quincy (Updated),Illinois,Central
ER-210277,Elizabeth Roberts,Home Office,United States,El Cajon,California,West
DE-210207,Deborah Evans,Home Office,United States,Roseville,Michigan,Central
KW-210120,Kenneth White,Home Office,United States,Kent,Washington,West
LP-12013,Linda Parker,Home Office,United States,Muskogee (Updated),Oklahoma,Central
CH-13461,Charles Hernandez,Home Office,United States,Columbia (Updated),Tennessee,South
AR-210071,Andrew Robinson,Consumer,United States,Murrieta,California,West
KJ-210114,Kevin Jackson,Home Office,United States,Murray,Utah,West
EC-210179,Edward Clark,Consumer,United States,Warner Robins,Georgia,South
DK-210020,Deborah King,Consumer,United States,Yuma,Arizona,West
PL-210238,Paul Lopez,Home Office,United States,Pearland,Texas,Central
RG-13800,Richard Gonzalez,Home Office,United States,Newark (Updated),Delaware,East
RW-210096,Richard Wilson,Home Office,United States,Lake Charles,Louisiana,South
DD-13971,David Davis,Home Office,United States,Spokane (Updated),Washington,West
LG-10367,Lisa Garcia,Corporate,United States,Maple Grove (Updated),Minnesota,Central
SA-13527,Susan Anderson,Corporate,United States,Margate (Updated),Florida,South
AA-210247,Ashley Anderson,Consumer,United States,Boynton Beach,Florida,South
ST-210161,Sharon Thompson,Corporate,United States,San Bernardino,California,West
RJ-11400,Richard Jackson,Corporate,United States,Daytona Beach (Updated),Florida,South
BG-13539,Betty Gonzalez,Home Office,United States,Apple Valley (Updated),California,West
PH-13816,Patricia Hill,Home Office,United States,Beaumont (Updated),Texas,Central
JL-210291,Jennifer Lopez,Corporate,United States,Allen,Texas,Central
RC-11650,Robert Cruz,Corporate,United States,Wausau (Updated),Wisconsin,Central
MR-13045,Matthew Ramirez,Corporate,United States,Westminster (Updated),California,West
AG-10536,Anthony Green,Corporate,United States,Lawton (Updated),Oklahoma,Central
MY-210231,Michelle Young,Corporate,United States,Torrance,California,West
AH-10492,Amanda Hill,Consumer,United States,Decatur (Updated),Illinois,Central
CM-210009,Carol Martin,Home Office,United States,Smyrna,Tennessee,South
ER-13256,Elizabeth Roberts,Corporate,United States,North Las Vegas (Updated),Nevada,West
JC-11449,Jeffrey Collins,Corporate,United States,Bakersfield (Updated),California,West
MK-13516,Margaret King,Corporate,United States,Bangor (Updated),Maine,East
MH-10084,Margaret Hall,Corporate,United States,Clifton (Updated),New Jersey,East
EB-11385,Elizabeth Brown,Corporate,United States,Redlands (Updated),California,West
EW-210172,Elizabeth Wright,Consumer,United States,Champaign,Illinois,Central
MT-13154,Michael Thompson,Home Office,United States,Pasco (Updated),Washington,West
SS-10970,Sandra Smith,Corporate,United States,Baytown (Updated),Texas,Central
MJ-11160,Michael Johnson,Corporate,United States,Richmond (Updated),Indiana,Central
KJ-210068,Kenneth Jones,Home Office,United States,Morristown,New Jersey,East
MR-13550,Michelle Rivera,Corporate,United States,Normal (Updated),Illinois,Central
LL-12247,Lisa Lopez,Corporate,United States,Jonesboro (Updated),Arkansas,South
DR-10116,Dorothy Ramirez,Home Office,United States,Kissimmee (Updated),Florida,South
AS-11774,Andrew Sanchez,Home Office,United States,Elyria (Updated),Ohio,East
GM-210185,George Mitchell,Home Office,United States,Springdale,Arkansas,South
TH-11191,Thomas Harris,Consumer,United States,Kirkwood (Updated),Missouri,Central
KW-210025,Kimberly Walker,Home Office,United States,Port Saint Lucie,Florida,South
MW-13656,Mary Walker,Consumer,United States,Glenview (Updated),Illinois,Central
SR-12400,Sharon Ramirez,Corporate,United States,Mansfield (Updated),Texas,Central
PH-210275,Paul Hall,Corporate,United States,Columbia,Missouri,Central
KC-11259,Karen Clark,Corporate,United States,Fairfield (Updated),Connecticut,East
DB-10822,Donald Brown,Consumer,United States,Fremont (Updated),Nebraska,Central
BL-210116,Barbara Lopez,Consumer,United States,Lebanon,Tennessee,South
MG-210000,Mark Garcia,Consumer,United States,Pensacola,Florida,South
MN-10132,Mary Nelson,Home Office,United States,Burlington (Updated),Iowa,Central
MG-13506,Mark Green,Home Office,United States,East Orange (Updated),New Jersey,East
MN-210206,Margaret Nelson,Consumer,United States,Lafayette,Louisiana,South
MK-11869,Matthew King,Home Office,United States,Edmond (Updated),Oklahoma,Central
SK-210167,Sharon King,Consumer,United States,Cambridge,Massachusetts,East
JL-210298,James Lee,Corporate,United States,Apple Valley,Minnesota,Central
DH-11992,Donald Harris,Home Office,United States,Dublin (Updated),Ohio,East
MW-210001,Michael Wright,Consumer,United States,Woodstock,Georgia,South
EH-10691,Emily Hernandez,Corporate,United States,Tinley Park (Updated),Illinois,Central
MK-10727,Mark King,Corporate,United States,Haltom City (Updated),Texas,Central
MW-12253,Melissa Wright,Consumer,United States,Lake Forest (Updated),California,West
LR-210280,Linda Roberts,Home Office,United States,Lakeville,Minnesota,Central
CW-10973,Carol White,Home Office,United States,North Las Vegas (Updated),Nevada,West
SM-210050,Sharon Martinez,Corporate,United States,Woodstock,Georgia,South
GM-12661,George Mitchell,Consumer,United States,Atlanta (Updated),Georgia,South
DA-14074,Donald Allen,Consumer,United States,Morgan Hill (Updated),California,West
JK-10903,Jessica King,Corporate,United States,Linden (Updated),New Jersey,East
DM-210018,Deborah Miller,Consumer,United States,Middletown,Connecticut,East
LN-11800,Linda Nelson,Home Office,United States,North Miami (Updated),Florida,South
JM-210210,Joshua Miller,Home Office,United States,Franklin,Massachusetts,East
DF-13811,Daniel Flores,Home Office,United States,Rapid City (Updated),South Dakota,Central
TC-210006,Thomas Carter,Home Office,United States,Tinley Park,Illinois,Central
LR-210057,Laura Roberts,Home Office,United States,Citrus Heights,California,West
TW-11763,Thomas White,Home Office,United States,Elkhart (Updated),Indiana,Central
JM-210146,James Martinez,Consumer,United States,Aurora,Colorado,West
MJ-13098,Matthew Jackson,Consumer,United States,Washington (Updated),District of Columbia,East
DT-210091,Deborah Thompson,Consumer,United States,Decatur,Alabama,South
RP-12397,Robert Parker,Home Office,United States,Johnson City (Updated),Tennessee,South
JC-13876,Joshua Carter,Consumer,United States,Southaven (Updated),Mississippi,South
KT-210289,Karen Thompson,Home Office,United States,Lancaster,Pennsylvania,East
ME-10370,Matthew Evans,Corporate,United States,Murray (Updated),Utah,West
LW-10272,Linda Wright,Consumer,United States,Macon (Updated),Georgia,South
MR-11794,Margaret Roberts,Corporate,United States,Montgomery (Updated),Alabama,South
JD-11383,Jeffrey Diaz,Home Office,United States,Altoona (Updated),Pennsylvania,East
RM-12522,Richard Martinez,Home Office,United States,Fairfield (Updated),Connecticut,East
JD-13796,John Diaz,Consumer,United States,Pasadena (Updated),Texas,Central
CG-210214,Carol Gomez,Corporate,United States,Mcallen,Texas,Central
RR-12538,Rebecca Rivera,Home Office,United States,Tuscaloosa (Updated),Alabama,South
AA-11633,Andrew Adams,Home Office,United States,Montebello (Updated),California,West
DP-210070,David Phillips,Consumer,United States,Owensboro,Kentucky,South
JA-13851,Joshua Adams,Consumer,United States,Niagara Falls (Updated),New York,East
RT-210203,Rebecca Taylor,Consumer,United States,La Quinta,California,West
LG-11148,Laura Garcia,Consumer,United States,Midland (Updated),Michigan,Central
MK-10323,Michael King,Corporate,United States,Mentor (Updated),Ohio,East
BR-210258,Brian Rodriguez,Home Office,United States,College Station,Texas,Central
ML-12798,Mark Lee,Consumer,United States,Fort Worth (Updated),Texas,Central
RE-10320,Ronald Evans,Home Office,United States,Burlington (Updated),North Carolina,South
DR-13217,Donna Rodriguez,Home Office,United States,Bellevue (Updated),Washington,West
JR-13178,John Rodriguez,Home Office,United States,Bryan (Updated),Texas,Central
DG-210171,David Green,Home Office,United States,Cedar Rapids,Iowa,Central
DG-11755,David Gomez,Consumer,United States,Garland (Updated),Texas,Central
SM-11888,Sharon Martinez,Consumer,United States,Columbia (Updated),Maryland,East
SJ-10365,Sandra Jones,Corporate,United States,Vallejo (Updated),California,West
RK-210064,Rebecca King,Home Office,United States,Denver,Colorado,West
CJ-210158,Carol Johnson,Consumer,United States,Normal,Illinois,Central
TE-13310,Thomas Edwards,Home Office,United States,Andover (Updated),Massachusetts,East
MD-210211,Michael Davis,Corporate,United States,Parma,Ohio,East
LE-13357,Linda Evans,Corporate,United States,Richardson (Updated),Texas,Central
KT-11170,Kevin Thompson,Home Office,United States,West Palm Beach (Updated),Florida,South
MY-13751,Melissa Young,Corporate,United States,Salem (Updated),Oregon,West
MH-12864,Matthew Hall,Consumer,United States,Pompano Beach (Updated),Florida,South
MS-210267,Mary Scott,Home Office,United States,Daytona Beach,Florida,South
SM-210264,Sandra Moore,Consumer,United States,Bryan,Texas,Central
MP-210299,Mary Phillips,Home Office,United States,Mansfield,Texas,Central
JG-12976,Jessica Gonzalez,Corporate,United States,Austin (Updated),Texas,Central
CT-10695,Carol Torres,Consumer,United States,Middletown (Updated),Connecticut,East
ET-12514,Elizabeth Taylor,Home Office,United States,Norman (Updated),Oklahoma,Central
ME-210174,Matthew Edwards,Corporate,United States,Longview,Washington,West
KC-10811,Kimberly Campbell,Consumer,United States,Baltimore (Updated),Maryland,East
MC-10298,Mark Cruz,Home Office,United States,Helena (Updated),Montana,West
KW-10581,Kimberly White,Consumer,United States,Pearland (Updated),Texas,Central
MW-14128,Matthew White,Consumer,United States,Columbia (Updated),Maryland,East
AM-12111,Amanda Martin,Corporate,United States,Visalia (Updated),California,West
JJ-12021,James Jones,Corporate,United States,Eagan (Updated),Minnesota,Central
ER-210241,Elizabeth Rivera,Home Office,United States,Fort Collins,Colorado,West
RS-12901,Ronald Sanchez,Consumer,United States,Conroe (Updated),Texas,Central
LT-10537,Linda Turner,Consumer,United States,Norfolk (Updated),Nebraska,Central
JN-210003,James Nguyen,Consumer,United States,Lakewood,California,West
SR-13289,Steven Ramirez,Consumer,United States,San Antonio (Updated),Texas,Central
DM-12317,Daniel Martin,Corporate,United States,Wheeling (Updated),Illinois,Central
ES-210252,Emily Scott,Consumer,United States,Mansfield,Texas,Central
CL-10154,Carol Lee,Home Office,United States,Logan (Updated),Utah,West
JP-210288,Jason Perez,Consumer,United States,Toledo,Ohio,East
DB-210212,Donna Baker,Corporate,United States,Manhattan,Kansas,Central
SF-210265,Sandra Flores,Corporate,United States,Deer Park,Texas,Central
GT-12296,George Torres,Home Office,United States,Westland (Updated),Michigan,Central
JH-10983,Joseph Harris,Corporate,United States,Murfreesboro (Updated),Tennessee,South
NM-210046,Nancy Moore,Corporate,United States,Everett,Washington,West
AC-10541,Andrew Clark,Consumer,United States,Round Rock (Updated),Texas,Central
NT-12917,Nancy Torres,Home Office,United States,Laurel (Updated),Maryland,East
BT-11110,Brian Thompson,Consumer,United States,Mansfield (Updated),Texas,Central
KG-11498,Kimberly Green,Corporate,United States,Greensboro (Updated),North Carolina,South
CC-210219,Charles Collins,Consumer,United States,Saint Cloud,Minnesota,Central
RM-210229,Rebecca Martin,Home Office,United States,Peoria,Illinois,Central
KM-10859,Karen Moore,Home Office,United States,Woodbury (Updated),Minnesota,Central
JT-12395,Jessica Thomas,Consumer,United States,Provo (Updated),Utah,West
SC-210098,Steven Collins,Home Office,United States,East Orange,New Jersey,East
EJ-10749,Edward Johnson,Consumer,United States,Broomfield (Updated),Colorado,West
BS-210163,Barbara Sanchez,Consumer,United States,Conway,Arkansas,South
PS-11334,Patricia Smith,Corporate,United States,Mount Vernon (Updated),New York,East
RN-12967,Robert Nelson,Corporate,United States,Orem (Updated),Utah,West
EM-10770,Elizabeth Martin,Corporate,United States,Corpus Christi (Updated),Texas,Central
MH-11275,Michael Harris,Consumer,United States,Pocatello (Updated),Idaho,West
JE-13614,John Edwards,Corporate,United States,Texas City (Updated),Texas,Central
RC-210192,Robert Cruz,Corporate,United States,Lafayette,Indiana,Central
SA-210026,Sarah Anderson,Corporate,United States,Carrollton,Texas,Central
SA-210059,Sandra Anderson,Corporate,United States,La Crosse,Wisconsin,Central
DL-10607,David Lee,Consumer,United States,Macon (Updated),Georgia,South
DR-210263,Daniel Rivera,Consumer,United States,Wheeling,West Virginia,East
KM-13753,Kenneth Martin,Home Office,United States,Madison (Updated),Wisconsin,Central
KC-210236,Karen Collins,Home Office,United States,Buffalo Grove,Illinois,Central
LR-13806,Lisa Roberts,Consumer,United States,Dubuque (Updated),Iowa,Central
MP-210200,Michael Parker,Home Office,United States,Redmond,Oregon,West
MG-210037,Margaret Gomez,Corporate,United States,Hempstead,New York,East
KA-12650,Kevin Adams,Corporate,United States,Tyler (Updated),Texas,Central
MM-10003,Melissa Miller,Corporate,United States,Saint Charles (Updated),Illinois,Central
RK-14119,Rebecca King,Corporate,United States,Stockton (Updated),California,West
RR-10017,Richard Rivera,Home Office,United States,Santa Clara (Updated),California,West
SC-10735,Steven Clark,Consumer,United States,Mentor (Updated),Ohio,East
JM-12979,Jeffrey Miller,Consumer,United States,Lake Elsinore (Updated),California,West
MJ-13434,Michael Jones,Corporate,United States,Cuyahoga Falls (Updated),Ohio,East
KT-13635,Kimberly Thomas,Consumer,United States,Hagerstown (Updated),Maryland,East
LY-210100,Linda Young,Home Office,United States,Tallahassee,Florida,South
WM-14082,William Mitchell,Home Office,United States,Hillsboro (Updated),Oregon,West
BT-11995,Brian Thomas,Consumer,United States,Lorain (Updated),Ohio,East
LS-210160,Linda Scott,Consumer,United States,Springfield,Oregon,West
BF-13822,Betty Flores,Corporate,United States,Hamilton (Updated),Ohio,East
MB-13084,Michelle Brown,Home Office,United States,Bowling Green (Updated),Ohio,East
CC-210041,Chris Campbell,Home Office,United States,Tuscaloosa,Alabama,South
NP-210233,Nancy Phillips,Corporate,United States,Deer Park,Texas,Central
PC-210032,Patricia Clark,Home Office,United States,Jamestown,New York,East
PM-13076,Patricia Moore,Consumer,United States,West Jordan (Updated),Utah,West
MJ-210047,Mark Jackson,Corporate,United States,Canton,Michigan,Central
JC-11509,Joseph Clark,Consumer,United States,Little Rock (Updated),Arkansas,South
NT-13887,Nancy Torres,Home Office,United States,Maple Grove (Updated),Minnesota,Central
MA-11036,Melissa Adams,Corporate,United States,West Allis (Updated),Wisconsin,Central
DR-12222,Donald Rivera,Corporate,United States,Delray Beach (Updated),Florida,South
KD-210099,Kimberly Davis,Consumer,United States,Bossier City,Louisiana,South
NC-10198,Nancy Carter,Home Office,United States,Orange (Updated),New Jersey,East
JH-10868,Joshua Hall,Consumer,United States,Oakland (Updated),California,West
DE-210180,Donald Evans,Consumer,United States,Trenton,Michigan,Central
AS-210111,Andrew Smith,Home Office,United States,Great Falls,Montana,West
BG-210254,Betty Green,Corporate,United States,Pine Bluff,Arkansas,South
SE-13161,Sharon Evans,Home Office,United States,Hempstead (Updated),New York,East
AW-11856,Ashley Walker,Corporate,United States,Laredo (Updated),Texas,Central
MC-210295,Mary Cruz,Home Office,United States,Dallas,Texas,Central
MH-13356,Michael Harris,Home Office,United States,Apple Valley (Updated),Minnesota,Central
JC-10661,Joseph Campbell,Corporate,United States,San Antonio (Updated),Texas,Central
LT-11515,Laura Torres,Home Office,United States,Aurora (Updated),Illinois,Central
PA-14103,Paul Adams,Corporate,United States,Clinton (Updated),Maryland,East
BP-210063,Betty Phillips,Consumer,United States,Waco,Texas,Central
GL-12168,George Lewis,Consumer,United States,Arlington Heights (Updated),Illinois,Central
DR-210266,Donna Ramirez,Consumer,United States,Medina,Ohio,East
BG-11388,Brian Gomez,Home Office,United States,Springfield (Updated),Oregon,West
JT-210138,Joseph Taylor,Home Office,United States,Riverside,California,West
AW-210119,Ashley Wilson,Corporate,United States,Auburn,Alabama,South
DC-210049,Deborah Campbell,Consumer,United States,North Miami,Florida,South
MJ-13431,Michael Jones,Corporate,United States,Wheeling (Updated),Illinois,Central
DP-12275,David Phillips,Corporate,United States,Champaign (Updated),Illinois,Central
PR-210279,Patricia Rivera,Home Office,United States,Tallahassee,Florida,South
AC-10163,Anthony Cruz,Corporate,United States,Pine Bluff (Updated),Arkansas,South
MS-11447,Melissa Sanchez,Consumer,United States,Saint Charles (Updated),Illinois,Central
ML-11878,Mary Lopez,Consumer,United States,San Gabriel (Updated),California,West
DY-12768,Dorothy Young,Corporate,United States,Apple Valley (Updated),California,West
SW-210249,Stephanie Wilson,Consumer,United States,Sierra Vista,Arizona,West
MN-210132,Michelle Nelson,Corporate,United States,Tucson,Arizona,West
LL-11758,Laura Lee,Home Office,United States,Garden City (Updated),Kansas,Central
SS-210224,Susan Scott,Home Office,United States,Hillsboro,Oregon,West
SK-12036,Sandra King,Corporate,United States,Tamarac (Updated),Florida,South
JC-11539,Joshua Cruz,Consumer,United States,Normal (Updated),Illinois,Central
JC-11056,John Collins,Corporate,United States,Middletown (Updated),Connecticut,East
KA-210019,Karen Allen,Corporate,United States,Johnson City,Tennessee,South
DT-210103,Donald Taylor,Consumer,United States,Redding,California,West
RG-210157,Robert Gomez,Corporate,United States,Englewood,Colorado,West
AH-12306,Amanda Hall,Corporate,United States,Wheeling (Updated),Illinois,Central
AP-210075,Andrew Perez,Home Office,United States,San Gabriel,California,West
JT-12053,Jason Taylor,Consumer,United States,Naperville (Updated),Illinois,Central
SJ-210104,Sandra Johnson,Corporate,United States,West Jordan,Utah,West
TS-10293,Timothy Smith,Consumer,United States,Abilene (Updated),Texas,Central
AJ-210067,Ashley Jackson,Corporate,United States,Bryan,Texas,Central
MW-210256,Margaret White,Consumer,United States,Hot Springs,Arkansas,South
CJ-12233,Carol Johnson,Corporate,United States,Medford (Updated),Oregon,West
MP-210123,Melissa Parker,Corporate,United States,Plainfield,New Jersey,East
AL-210253,Anthony Lopez,Home Office,United States,Lebanon,Tennessee,South
AM-210133,Ashley Mitchell,Consumer,United States,Coral Gables,Florida,South
KM-11448,Kenneth Martinez,Corporate,United States,Broomfield (Updated),Colorado,West
GG-11918,George Green,Home Office,United States,Santa Barbara (Updated),California,West
SD-11706,Susan Davis,Consumer,United States,Pleasant Grove (Updated),Utah,West
SD-210198,Sharon Diaz,Home Office,United States,Rogers,Arkansas,South
JD-13009,Joseph Diaz,Consumer,United States,Lincoln Park (Updated),Michigan,Central
AR-14195,Anthony Ramirez,Consumer,United States,Plano (Updated),Texas,Central
AJ-10809,Ashley Johnson,Corporate,United States,Madison (Updated),Wisconsin,Central
DC-14185,David Clark,Consumer,United States,Oak Park (Updated),Illinois,Central
CM-13798,Chris Miller,Consumer,United States,Bullhead City (Updated),Arizona,West
SB-210173,Sarah Brown,Corporate,United States,Visalia,California,West
BW-12958,Betty Williams,Home Office,United States,Philadelphia (Updated),Pennsylvania,East
NP-210154,Nancy Phillips,Home Office,United States,Roseville,Michigan,Central
ME-10171,Michelle Evans,Consumer,United States,Holland (Updated),Michigan,Central
ET-210080,Elizabeth Taylor,Home Office,United States,Long Beach,New York,East
DC-12870,Donna Cruz,Home Office,United States,Frankfort (Updated),Illinois,Central
MB-12040,Michelle Brown,Corporate,United States,Sacramento (Updated),California,West
RC-210165,Richard Campbell,Home Office,United States,Jamestown,New York,East
DW-210261,Donald Wright,Consumer,United States,Rancho Cucamonga,California,West
SW-11507,Sarah Wilson,Corporate,United States,Cleveland (Updated),Ohio,East
KL-210085,Karen Lopez,Consumer,United States,Peoria,Illinois,Central
ME-11590,Melissa Evans,Corporate,United States,Clarksville (Updated),Tennessee,South
MT-210052,Mark Thomas,Home Office,United States,Salt Lake City,Utah,West
KE-210054,Kimberly Evans,Home Office,United States,Medford,Oregon,West
LG-13590,Laura Green,Home Office,United States,Saginaw (Updated),Michigan,Central
SL-10710,Steven Lee,Home Office,United States,Saint Petersburg (Updated),Florida,South
RJ-10234,Ronald Johnson,Consumer,United States,Columbus (Updated),Georgia,South
ME-210245,Mark Evans,Consumer,United States,Bloomington,Illinois,Central
DJ-12713,Dorothy Johnson,Consumer,United States,Romeoville (Updated),Illinois,Central
DR-10554,Dorothy Roberts,Home Office,United States,Lawton (Updated),Oklahoma,Central
DT-11574,Daniel Thompson,Home Office,United States,Olathe (Updated),Kansas,Central
RW-12082,Richard Williams,Corporate,United States,Springfield (Updated),Virginia,South
AT-210270,Amanda Thompson,Home Office,United States,Medina,Ohio,East
DP-13559,Donna Parker,Home Office,United States,Warwick (Updated),Rhode Island,East
PM-210045,Patricia Miller,Home Office,United States,Redlands,California,West
MC-210290,Margaret Cruz,Corporate,United States,Newark,Delaware,East
WC-210048,William Cruz,Corporate,United States,Brentwood,California,West
MJ-14002,Margaret Jones,Corporate,United States,Roseville (Updated),Minnesota,Central
RW-210036,Rebecca White,Corporate,United States,Springfield,Virginia,South
SG-12707,Steven Green,Consumer,United States,La Crosse (Updated),Wisconsin,Central
PC-210053,Paul Carter,Home Office,United States,Allen,Texas,Central
KY-12374,Kevin Young,Corporate,United States,Roseville (Updated),Minnesota,Central
MA-10373,Michelle Anderson,Corporate,United States,Whittier (Updated),California,West
EH-10685,Emily Hall,Corporate,United States,Bayonne (Updated),New Jersey,East
WG-11978,William Garcia,Corporate,United States,Lewiston (Updated),Maine,East
JG-210230,Jennifer Green,Corporate,United States,Conroe,Texas,Central
WG-11834,William Garcia,Corporate,United States,Hempstead (Updated),New York,East
PG-11000,Patricia Gomez,Home Office,United States,Mobile (Updated),Alabama,South
RR-12787,Robert Rodriguez,Corporate,United States,Bellevue (Updated),Washington,West
ES-210038,Emily Scott,Consumer,United States,Yonkers,New York,East
ML-13294,Melissa Lee,Home Office,United States,Reno (Updated),Nevada,West
DC-12658,Daniel Cruz,Corporate,United States,Revere (Updated),Massachusetts,East
MR-210055,Mary Rodriguez,Home Office,United States,Columbia,Tennessee,South
MS-10238,Melissa Scott,Consumer,United States,Little Rock (Updated),Arkansas,South
JM-210136,Jennifer Mitchell,Home Office,United States,Harlingen,Texas,Central
TD-210097,Timothy Davis,Consumer,United States,Columbus,Georgia,South
RP-12799,Richard Perez,Consumer,United States,Taylor (Updated),Michigan,Central
DT-12099,Dorothy Taylor,Home Office,United States,Warwick (Updated),Rhode Island,East
RL-11860,Robert Lopez,Corporate,United States,Wichita (Updated),Kansas,Central
SJ-13779,Steven Jones,Consumer,United States,Linden (Updated),New Jersey,East
RY-13565,Robert Young,Home Office,United States,Cincinnati (Updated),Ohio,East
JE-210092,Jeffrey Edwards,Consumer,United States,Mcallen,Texas,Central
SM-10243,Susan Mitchell,Consumer,United States,Chandler (Updated),Arizona,West
SR-210269,Sharon Rivera,Consumer,United States,Arlington,Texas,Central
LP-210144,Laura Phillips,Home Office,United States,Mount Pleasant,South Carolina,South
SR-14166,Sarah Rodriguez,Consumer,United States,Sanford (Updated),Florida,South
JG-13628,Jeffrey Gomez,Home Office,United States,Independence (Updated),Missouri,Central
KM-13287,Kimberly Martin,Home Office,United States,Murray (Updated),Kentucky,South
MS-210126,Michael Smith,Consumer,United States,Coachella,California,West
ML-10899,Michael Lewis,Consumer,United States,Elkhart (Updated),Indiana,Central
LT-13387,Linda Torres,Consumer,United States,Edinburg (Updated),Texas,Central
JT-210027,Jason Turner,Corporate,United States,Lubbock,Texas,Central
KT-12671,Karen Torres,Consumer,United States,Fort Worth (Updated),Texas,Central
BJ-210137,Betty Jackson,Consumer,United States,Wilmington,North Carolina,South
MC-11034,Matthew Collins,Corporate,United States,Cleveland (Updated),Ohio,East
SM-13259,Stephanie Moore,Home Office,United States,Lawrence (Updated),Massachusetts,East
BJ-13594,Betty Johnson,Home Office,United States,Columbus (Updated),Indiana,Central
SS-13246,Susan Smith,Home Office,United States,Elyria (Updated),Ohio,East
MJ-12122,Matthew Jones,Corporate,United States,Beaumont (Updated),Texas,Central
JM-14047,James Mitchell,Consumer,United States,West Palm Beach (Updated),Florida,South
MC-210122,Mary Cruz,Consumer,United States,Avondale,Arizona,West
JA-210248,Jeffrey Anderson,Home Office,United States,Mcallen,Texas,Central
MH-13160,Melissa Harris,Corporate,United States,Murfreesboro (Updated),Tennessee,South
CR-10043,Charles Ramirez,Home Office,United States,Hialeah (Updated),Florida,South
RG-12754,Rebecca Green,Consumer,United States,Reno (Updated),Nevada,West
GH-210197,George Hill,Consumer,United States,Wheeling,Illinois,Central
PN-13895,Patricia Nguyen,Home Office,United States,Colorado Springs (Updated),Colorado,West
SW-13947,Sharon Williams,Home Office,United States,Woonsocket (Updated),Rhode Island,East
JL-210013,James Lee,Corporate,United States,Chico,California,West
ML-10489,Mark Lewis,Corporate,United States,Waterloo (Updated),Iowa,Central
LH-13931,Linda Hall,Consumer,United States,New Bedford (Updated),Massachusetts,East
ES-11049,Elizabeth Smith,Home Office,United States,Santa Fe (Updated),New Mexico,West
MW-14003,Michelle Wilson,Corporate,United States,Concord (Updated),New Hampshire,East
MT-10377,Michael Thomas,Home Office,United States,Everett (Updated),Washington,West
JD-210118,Jeffrey Davis,Consumer,United States,Bossier City,Louisiana,South
GF-13193,George Flores,Corporate,United States,Altoona (Updated),Pennsylvania,East
DM-210213,Dorothy Mitchell,Corporate,United States,Wilmington,Delaware,East
